epoch,time,train/box_loss,train/cls_loss,train/dfl_loss,metrics/precision(B),metrics/recall(B),metrics/mAP50(B),metrics/mAP50-95(B),val/box_loss,val/cls_loss,val/dfl_loss,lr/pg0,lr/pg1,lr/pg2
1,28.0917,1.19142,3.5444,1.0161,0.04795,0.84203,0.06381,0.04024,1.02349,3.50044,0.91683,0.00013336,0.00013336,0.00013336
2,65.1755,1.07374,1.99643,0.91321,0.03948,0.69794,0.21791,0.11829,0.99991,3.13205,0.91293,0.000277779,0.000277779,0.000277779
3,109.748,0.98788,1.20593,0.90366,0.90346,0.3944,0.49249,0.37575,0.88049,2.82239,0.88974,0.000416257,0.000416257,0.000416257
4,154.132,0.89919,0.99236,0.89244,1,0.1863,0.59573,0.45752,0.88515,2.76748,0.90279,0.000548793,0.000548793,0.000548793
5,175.965,0.88061,0.8923,0.89437,0.97743,0.15138,0.40415,0.31986,0.81427,2.90925,0.89894,0.000675388,0.000675388,0.000675388
6,196.521,0.84361,0.86022,0.88757,0.94303,0.38532,0.74781,0.61903,0.77983,2.3437,0.87326,0.000796043,0.000796043,0.000796043
7,218.672,0.82171,0.76504,0.88531,0.93818,0.40826,0.75068,0.59468,0.82928,2.31882,0.8806,0.000910755,0.000910755,0.000910755
8,241.851,0.80512,0.74392,0.88148,0.95311,0.56366,0.88741,0.6791,0.85249,1.97865,0.88043,0.00101953,0.00101953,0.00101953
9,261.769,0.87164,0.74816,0.88512,0.93961,0.62575,0.89624,0.70005,0.83454,1.80108,0.87046,0.00112236,0.00112236,0.00112236
10,283.618,0.8477,0.7345,0.87581,0.93468,0.54789,0.90178,0.69599,0.84897,1.82941,0.88153,0.00121925,0.00121925,0.00121925
11,302.701,0.81278,0.70877,0.8774,0.9258,0.75961,0.91773,0.73226,0.78899,1.50364,0.87774,0.0013102,0.0013102,0.0013102
12,321.364,0.78175,0.67525,0.86311,0.87,0.83833,0.91564,0.7204,0.79226,1.21399,0.87843,0.00130393,0.00130393,0.00130393
13,340.474,0.78322,0.66367,0.86965,0.93298,0.8786,0.94791,0.75999,0.77116,0.94437,0.88031,0.00127092,0.00127092,0.00127092
14,359.456,0.75613,0.65065,0.87431,0.95572,0.91841,0.95251,0.75997,0.75581,0.80287,0.88728,0.00123791,0.00123791,0.00123791
15,378.46,0.74864,0.63899,0.85972,0.91892,0.8705,0.94372,0.74994,0.77841,0.92716,0.90329,0.00120491,0.00120491,0.00120491
16,397.38,0.75251,0.64043,0.86256,0.93962,0.90447,0.94269,0.76597,0.7203,0.79837,0.88435,0.0011719,0.0011719,0.0011719
17,416.335,0.75484,0.61965,0.85689,0.96767,0.89966,0.95585,0.75695,0.74541,0.73507,0.89404,0.00113889,0.00113889,0.00113889
18,435.276,0.73411,0.62575,0.85433,0.97,0.9084,0.96012,0.78139,0.67041,0.65862,0.87482,0.00110589,0.00110589,0.00110589
19,454.263,0.69216,0.59117,0.85004,0.96102,0.8949,0.95608,0.76542,0.72208,0.7019,0.88277,0.00107288,0.00107288,0.00107288
20,473.607,0.71802,0.58195,0.85216,0.97078,0.90361,0.96579,0.78872,0.69175,0.60712,0.87038,0.00103987,0.00103987,0.00103987
21,492.764,0.70482,0.57272,0.852,0.96671,0.90699,0.96705,0.77293,0.70932,0.6123,0.86978,0.00100687,0.00100687,0.00100687
22,511.849,0.69108,0.55936,0.84845,0.96646,0.92743,0.97122,0.78438,0.68517,0.59026,0.8653,0.000973861,0.000973861,0.000973861
23,530.959,0.67106,0.54665,0.85311,0.9668,0.92972,0.97105,0.79835,0.6721,0.59382,0.86465,0.000940855,0.000940855,0.000940855
24,550.529,0.66522,0.54986,0.844,0.9762,0.93281,0.96741,0.79209,0.68985,0.59003,0.86628,0.000907848,0.000907848,0.000907848
25,569.701,0.69986,0.54402,0.84737,0.96099,0.92561,0.96383,0.7953,0.65761,0.59796,0.86232,0.000874842,0.000874842,0.000874842
26,588.837,0.6912,0.55456,0.84899,0.96136,0.90908,0.96842,0.79071,0.69276,0.5958,0.87032,0.000841835,0.000841835,0.000841835
27,607.807,0.65082,0.52457,0.84364,0.98633,0.89856,0.9736,0.79124,0.69398,0.57856,0.87353,0.000808828,0.000808828,0.000808828
28,626.745,0.66249,0.5395,0.84485,0.97715,0.91905,0.97674,0.79331,0.71617,0.57742,0.87221,0.000775822,0.000775822,0.000775822
29,645.754,0.6874,0.54323,0.84854,0.97842,0.93173,0.97641,0.80395,0.65175,0.55996,0.86253,0.000742815,0.000742815,0.000742815
30,664.636,0.61049,0.52789,0.83728,0.96244,0.93312,0.97615,0.80998,0.62673,0.54087,0.85719,0.000709809,0.000709809,0.000709809
31,683.484,0.6644,0.50909,0.83915,0.94844,0.94426,0.97696,0.79463,0.6752,0.53735,0.86327,0.000676802,0.000676802,0.000676802
32,702.471,0.63923,0.50297,0.83999,0.96678,0.92045,0.97947,0.80473,0.63812,0.51343,0.85746,0.000643795,0.000643795,0.000643795
33,721.484,0.62582,0.49338,0.83244,0.96547,0.92276,0.98072,0.81456,0.62766,0.49985,0.85432,0.000610789,0.000610789,0.000610789
34,740.679,0.61613,0.48141,0.83298,0.96272,0.93884,0.97477,0.80222,0.64733,0.52331,0.86234,0.000577782,0.000577782,0.000577782
35,759.931,0.63759,0.50137,0.84408,0.96198,0.93493,0.97591,0.80117,0.64253,0.52848,0.86477,0.000544776,0.000544776,0.000544776
36,779.098,0.60833,0.47421,0.83443,0.95703,0.92893,0.97479,0.80804,0.62156,0.51416,0.85377,0.000511769,0.000511769,0.000511769
37,798.411,0.62112,0.48651,0.84186,0.97764,0.93081,0.979,0.81209,0.62313,0.49939,0.85382,0.000478762,0.000478762,0.000478762
38,817.284,0.59561,0.46603,0.82766,0.97597,0.93181,0.97739,0.80019,0.64088,0.49905,0.85877,0.000445756,0.000445756,0.000445756
39,836.428,0.611,0.47847,0.83439,0.97537,0.93181,0.97763,0.81367,0.60571,0.49198,0.85598,0.000412749,0.000412749,0.000412749
40,855.359,0.58383,0.45979,0.83137,0.97497,0.93627,0.97802,0.81323,0.60995,0.47708,0.85282,0.000379743,0.000379743,0.000379743
41,873.252,0.5415,0.44164,0.81549,0.99489,0.91697,0.97701,0.80862,0.61594,0.48968,0.85557,0.000346736,0.000346736,0.000346736
42,890.982,0.54901,0.4404,0.82491,0.96553,0.92722,0.9749,0.80402,0.62033,0.50511,0.85585,0.000313729,0.000313729,0.000313729
43,908.71,0.51665,0.4249,0.81165,0.96069,0.92722,0.97449,0.80711,0.61717,0.49377,0.85385,0.000280723,0.000280723,0.000280723
44,926.441,0.51737,0.42557,0.81074,0.96583,0.92428,0.97497,0.80647,0.61241,0.49736,0.85495,0.000247716,0.000247716,0.000247716
45,943.992,0.52858,0.43072,0.8096,0.96003,0.92263,0.97426,0.79946,0.63031,0.51009,0.86015,0.00021471,0.00021471,0.00021471
46,961.625,0.53208,0.42977,0.82375,0.96664,0.92722,0.97543,0.8092,0.62032,0.49999,0.85799,0.000181703,0.000181703,0.000181703
47,979.163,0.51656,0.41316,0.81032,0.96572,0.92722,0.97647,0.8172,0.59748,0.47966,0.85402,0.000148696,0.000148696,0.000148696
48,996.613,0.51296,0.40439,0.81373,0.98146,0.92718,0.97588,0.81617,0.60707,0.4787,0.85444,0.00011569,0.00011569,0.00011569
49,1014.22,0.51284,0.40783,0.8174,0.98197,0.92386,0.974,0.81762,0.60039,0.47171,0.85439,8.26832e-05,8.26832e-05,8.26832e-05
50,1032.02,0.50015,0.40429,0.81186,0.98078,0.91918,0.97495,0.81946,0.59523,0.46897,0.8548,4.96766e-05,4.96766e-05,4.96766e-05
